-- Kasumi Traits
INSERT INTO Types
(Type,  Kind)
VALUES
('TRAIT_LEADER_KASUMI_gkls621', 'KIND_TRAIT');

INSERT INTO Traits
(TraitType,                     Name,                                   Description)
VALUES
('TRAIT_LEADER_KASUMI_gkls621', 'LOC_TRAIT_LEADER_KASUMI_gkls621_NAME', 'LOC_TRAIT_LEADER_KASUMI_gkls621_DESCRIPTION');

INSERT INTO LeaderTraits
(LeaderType,                TraitType)
VALUES
('LEADER_KASUMI_gkls621',   'TRAIT_LEADER_KASUMI_gkls621');

UPDATE Modifiers SET SubjectRequirementSetId = 'REQSET_PPP_PLAYER_IS_NOT_KASUMI_gkls621' WHERE ModifierId = 'CIVIC_ENFORCE_BORDERS';

INSERT INTO TraitModifiers
(TraitType, ModifierId)
VALUES
('TRAIT_LEADER_KASUMI_gkls621', 'KASUMI_FREE_RANDOM_STARS_gkls621'),
('TRAIT_LEADER_KASUMI_gkls621', 'KASUMI_ALL_PLAYERS_OPEN_BORDERS_gkls621'),
('TRAIT_LEADER_KASUMI_gkls621', 'KASUMI_EXTRA_WILDCARD_SLOT_gkls621'),
('TRAIT_LEADER_KASUMI_gkls621', 'KASUMI_RANDOMSTAR_TOKEN_BASE_CITIES_ATTACH_gkls621'),
('TRAIT_LEADER_KASUMI_gkls621', 'KASUMI_RANDOMSTAR_TOKEN_EXTRA_CITIES_ATTACH_gkls621'),
('TRAIT_LEADER_KASUMI_gkls621', 'KASUMI_RANDOMSTAR_TOKEN_DIPLOQUARTER_CITIES_ATTACH_gkls621'),
('TRAIT_LEADER_KASUMI_gkls621', 'KASUMI_PROJECT_TWINKLE_FOUNDER_gkls621'),
('TRAIT_LEADER_KASUMI_gkls621', 'KASUMI_PROJECT_TWINKLE_ENHANCER_gkls621'),
('TRAIT_LEADER_KASUMI_gkls621', 'KASUMI_PROJECT_TWINKLE_FOLLOWER_gkls621'),
('TRAIT_LEADER_KASUMI_gkls621', 'KASUMI_PROJECT_TWINKLE_PANTHEON_gkls621');

INSERT INTO Modifiers
(ModifierId,                                                   ModifierType,                                                OwnerRequirementSetId)
VALUES
('KASUMI_FREE_RANDOM_STARS_gkls621',                           'MODIFIER_PPP_PLAYER_CITIES_GRANT_BUILDING_IN_CITY_IGNORE_gkls621',  NULL),
('KASUMI_ALL_PLAYERS_OPEN_BORDERS_gkls621',                    'MODIFIER_ADJUST_OPEN_BORDERS_FROM_INFLUENCE',               NULL),
('KASUMI_RANDOMSTAR_TOKEN_BASE_CITIES_ATTACH_gkls621',         'MODIFIER_PLAYER_CITIES_ATTACH_MODIFIER',                    NULL),
('KASUMI_RANDOMSTAR_TOKEN_EXTRA_CITIES_ATTACH_gkls621',        'MODIFIER_PLAYER_CITIES_ATTACH_MODIFIER',                    'REQSET_PPP_DIPLOMATIC_SERVICE_gkls621'),
('KASUMI_RANDOMSTAR_TOKEN_DIPLOQUARTER_CITIES_ATTACH_gkls621', 'MODIFIER_PLAYER_CITIES_ATTACH_MODIFIER',                    'REQSET_PPP_DIPLOMATIC_QUARTER_gkls621'),
('KASUMI_PROJECT_TWINKLE_FOUNDER_gkls621',                     'MODIFIER_PLAYER_ALLOW_PROJECT_CATHERINE',                   NULL),
('KASUMI_PROJECT_TWINKLE_ENHANCER_gkls621',                    'MODIFIER_PLAYER_ALLOW_PROJECT_CATHERINE',                   NULL),
('KASUMI_PROJECT_TWINKLE_FOLLOWER_gkls621',                    'MODIFIER_PLAYER_ALLOW_PROJECT_CATHERINE',                   NULL),
('KASUMI_PROJECT_TWINKLE_PANTHEON_gkls621',                    'MODIFIER_PLAYER_ALLOW_PROJECT_CATHERINE',                   NULL);

INSERT INTO Modifiers
(ModifierId,    ModifierType,   RunOnce,    Permanent,  OwnerRequirementSetId)
VALUES
('KASUMI_EXTRA_WILDCARD_SLOT_gkls621',          'MODIFIER_PLAYER_CULTURE_ADJUST_GOVERNMENT_SLOTS_MODIFIER',  0, 0,  'REQSET_PPP_PLAYER_HAS_POLITICAL_PHILOSOPHY_gkls621'),
('KASUMI_RANDOMSTAR_TOKEN_BASE_gkls621',        'MODIFIER_PLAYER_GRANT_INFLUENCE_TOKEN', 1,  1,  NULL),
('KASUMI_RANDOMSTAR_TOKEN_EXTRA_gkls621',       'MODIFIER_PLAYER_GRANT_INFLUENCE_TOKEN', 1,  1,  NULL),
('KASUMI_RANDOMSTAR_TOKEN_DIPLOQUARTER_gkls621','MODIFIER_PLAYER_GRANT_INFLUENCE_TOKEN', 1,  1,  NULL);

INSERT INTO ModifierArguments
(ModifierId,                                                    Name,           Value)
VALUES
('KASUMI_FREE_RANDOM_STARS_gkls621',                            'BuildingType', 'BUILDING_RANDOM_STAR_gkls621'),
('KASUMI_EXTRA_WILDCARD_SLOT_gkls621',                          'GovernmentSlotType', 'SLOT_WILDCARD'),
('KASUMI_RANDOMSTAR_TOKEN_BASE_CITIES_ATTACH_gkls621',          'ModifierId',   'KASUMI_RANDOMSTAR_TOKEN_BASE_gkls621'),
('KASUMI_RANDOMSTAR_TOKEN_EXTRA_CITIES_ATTACH_gkls621',         'ModifierId',   'KASUMI_RANDOMSTAR_TOKEN_EXTRA_gkls621'),
('KASUMI_RANDOMSTAR_TOKEN_DIPLOQUARTER_CITIES_ATTACH_gkls621',  'ModifierId',   'KASUMI_RANDOMSTAR_TOKEN_DIPLOQUARTER_gkls621'),
('KASUMI_RANDOMSTAR_TOKEN_BASE_gkls621',                        'Amount',       1),
('KASUMI_RANDOMSTAR_TOKEN_EXTRA_gkls621',                       'Amount',       1),
('KASUMI_RANDOMSTAR_TOKEN_DIPLOQUARTER_gkls621',                'Amount',       1),
('KASUMI_PROJECT_TWINKLE_FOUNDER_gkls621',                      'ProjectType',  'PROJECT_TWINKLE_FOUNDER_gkls621'),
('KASUMI_PROJECT_TWINKLE_ENHANCER_gkls621',                     'ProjectType',  'PROJECT_TWINKLE_ENHANCER_gkls621'),
('KASUMI_PROJECT_TWINKLE_FOLLOWER_gkls621',                     'ProjectType',  'PROJECT_TWINKLE_FOLLOWER_gkls621'),
('KASUMI_PROJECT_TWINKLE_PANTHEON_gkls621',                     'ProjectType',  'PROJECT_TWINKLE_PANTHEON_gkls621');

INSERT INTO RequirementSets (RequirementSetId, RequirementSetType)
VALUES
('REQSET_PPP_PLAYER_IS_NOT_KASUMI_gkls621', 'REQUIREMENTSET_TEST_ALL'),
('REQSET_PPP_PLAYER_HAS_POLITICAL_PHILOSOPHY_gkls621',  'REQUIREMENTSET_TEST_ALL'),
('REQSET_PPP_CITY_HAS_RANDOMSTAR_gkls621', 'REQUIREMENTSET_TEST_ALL'),
('REQSET_PPP_DIPLOMATIC_SERVICE_gkls621', 'REQUIREMENTSET_TEST_ALL'),
('REQSET_PPP_DIPLOMATIC_QUARTER_gkls621', 'REQUIREMENTSET_TEST_ALL');

INSERT INTO RequirementSetRequirements (RequirementSetId, RequirementId)
VALUES
('REQSET_PPP_PLAYER_IS_NOT_KASUMI_gkls621', 'PPP_PLAYER_IS_NOT_KASUMI_gkls621'),
('REQSET_PPP_PLAYER_HAS_POLITICAL_PHILOSOPHY_gkls621',  'PPP_PLAYER_HAS_POLITICAL_PHILOSOPHY_gkls621'),
('REQSET_PPP_CITY_HAS_RANDOMSTAR_gkls621', 'PPP_CITY_HAS_RANDOMSTAR_gkls621'),
('REQSET_PPP_DIPLOMATIC_SERVICE_gkls621', 'PPP_PLAYER_HAS_DIPLOMATIC_SERVICE_gkls621'),
('REQSET_PPP_DIPLOMATIC_QUARTER_gkls621', 'PPP_PLAYER_HAS_DIPLOMATIC_QUARTER_gkls621');

INSERT INTO Requirements (RequirementId, RequirementType, Inverse)
VALUES
('PPP_PLAYER_IS_NOT_KASUMI_gkls621', 'REQUIREMENT_PLAYER_LEADER_TYPE_MATCHES', 1);

INSERT INTO Requirements (RequirementId, RequirementType)
VALUES
('PPP_PLAYER_HAS_POLITICAL_PHILOSOPHY_gkls621', 'REQUIREMENT_PLAYER_HAS_CIVIC'),
('PPP_CITY_HAS_RANDOMSTAR_gkls621', 'REQUIREMENT_CITY_HAS_BUILDING'),
('PPP_PLAYER_HAS_DIPLOMATIC_SERVICE_gkls621', 'REQUIREMENT_PLAYER_HAS_CIVIC'),
('PPP_PLAYER_HAS_DIPLOMATIC_QUARTER_gkls621', 'REQUIREMENT_PLAYER_HAS_DISTRICT');

INSERT INTO RequirementArguments (RequirementId, Name, Value)
VALUES
('PPP_PLAYER_IS_NOT_KASUMI_gkls621', 'LeaderType', 'LEADER_KASUMI_gkls621'),
('PPP_PLAYER_HAS_POLITICAL_PHILOSOPHY_gkls621', 'CivicType',    'CIVIC_POLITICAL_PHILOSOPHY'),
('PPP_CITY_HAS_RANDOMSTAR_gkls621', 'BuildingType', 'BUILDING_RANDOM_STAR_gkls621'),
('PPP_CITY_HAS_RANDOMSTAR_gkls621', 'MustBeFunctioning', 1),
('PPP_PLAYER_HAS_DIPLOMATIC_SERVICE_gkls621', 'CivicType', 'CIVIC_DIPLOMATIC_SERVICE'),
('PPP_PLAYER_HAS_DIPLOMATIC_QUARTER_gkls621', 'DistrictType', 'DISTRICT_DIPLOMATIC_QUARTER');

-- Suzerainty Bonuses
-- Tourism
INSERT INTO Modifiers (ModifierId, ModifierType, SubjectRequirementSetId)
    SELECT 'KASUMI_SUZ_' || LeaderType || '_TOURISM_gkls621', 'MODIFIER_PLAYER_ADJUST_TOURISM',
    'REQSET_PPP_SUZERAIN_OF_' || LeaderType || '_gkls621'
    FROM Leaders
    WHERE LeaderType LIKE '%LEADER_MINOR_CIV%';

INSERT INTO ModifierArguments (ModifierId, Name, Value)
    SELECT 'KASUMI_SUZ_' || LeaderType || '_TOURISM_gkls621',
    'Amount', 5
    FROM Leaders
    WHERE LeaderType LIKE '%LEADER_MINOR_CIV%';

INSERT INTO TraitModifiers (TraitType, ModifierId)
    SELECT 'TRAIT_LEADER_KASUMI_gkls621' ,
    'KASUMI_SUZ_' || LeaderType || '_TOURISM_gkls621'
    FROM Leaders
    WHERE LeaderType LIKE '%LEADER_MINOR_CIV%';

-- Production (city by city)
INSERT INTO Modifiers (ModifierId, ModifierType, SubjectRequirementSetId)
    SELECT 'KASUMI_SUZ_' || LeaderType || '_PRODUCTION_gkls621', 'MODIFIER_PLAYER_CITIES_ADJUST_CITY_YIELD_MODIFIER',
    'REQSET_PPP_SUZERAIN_OF_' || LeaderType || '_gkls621'
    FROM Leaders
    WHERE LeaderType LIKE '%LEADER_MINOR_CIV%';

INSERT INTO ModifierArguments (ModifierId, Name, Value)
    SELECT 'KASUMI_SUZ_' || LeaderType || '_PRODUCTION_gkls621',
    'Amount', 5
    FROM Leaders
    WHERE LeaderType LIKE '%LEADER_MINOR_CIV%';

INSERT INTO TraitModifiers (TraitType, ModifierId)
    SELECT 'TRAIT_LEADER_KASUMI_gkls621' ,
    'KASUMI_SUZ_' || LeaderType || '_PRODUCTION_gkls621'
    FROM Leaders
    WHERE LeaderType LIKE '%LEADER_MINOR_CIV%';
-- Culture
INSERT INTO TraitModifiers
(TraitType,   ModifierId)
VALUES
('TRAIT_LEADER_KASUMI_gkls621', 'KASUMI_CULTURE_PER_SUZERAIN_gkls621');
--('TRAIT_LEADER_KASUMI_gkls621', 'KASUMI_PRODUCTION_PER_SUZERAIN_gkls621');

INSERT INTO Modifiers
(ModifierId,    ModifierType,   OwnerRequirementSetId)
VALUES
('KASUMI_CULTURE_PER_SUZERAIN_gkls621',    'MODIFIER_PLAYER_ADJUST_YIELD_MODIFIER_PER_TRIBUTARY',  'PLAYER_IS_HUMAN');
--('KASUMI_PRODUCTION_PER_SUZERAIN_gkls621', 'MODIFIER_PLAYER_ADJUST_YIELD_MODIFIER_PER_TRIBUTARY',  'PLAYER_IS_HUMAN');

INSERT INTO ModifierArguments
(ModifierId,    Name,   Value)
VALUES
('KASUMI_CULTURE_PER_SUZERAIN_gkls621',       'YieldType',    'YIELD_CULTURE'),
('KASUMI_CULTURE_PER_SUZERAIN_gkls621',       'Amount',        5);
--('KASUMI_PRODUCTION_PER_SUZERAIN_gkls621',    'YieldType',    'YIELD_PRODUCTION'),
--('KASUMI_PRODUCTION_PER_SUZERAIN_gkls621',    'Amount',        5);

INSERT INTO RequirementSets(RequirementSetId, RequirementSetType)
    SELECT 'REQSET_PPP_SUZERAIN_OF_' || LeaderType || '_gkls621', 'REQUIREMENTSET_TEST_ALL'
    FROM Leaders
    WHERE LeaderType LIKE '%LEADER_MINOR_CIV%';

INSERT INTO RequirementSetRequirements(RequirementSetId, RequirementId)
    SELECT 'REQSET_PPP_SUZERAIN_OF_' || LeaderType || '_gkls621', 'PPP_PLAYER_IS_SUZERAIN_OF_' || LeaderType || '_gkls621'
    FROM Leaders
    WHERE LeaderType LIKE '%LEADER_MINOR_CIV%';

INSERT INTO RequirementSetRequirements(RequirementSetId, RequirementId)
    SELECT 'REQSET_PPP_SUZERAIN_OF_' || LeaderType || '_gkls621', 'REQUIRES_PLAYER_IS_HUMAN'
    FROM Leaders
    WHERE LeaderType LIKE '%LEADER_MINOR_CIV%';

INSERT INTO Requirements(RequirementId, RequirementType)
    SELECT 'PPP_PLAYER_IS_SUZERAIN_OF_' || LeaderType || '_gkls621',
    'REQUIREMENT_PLAYER_IS_SUZERAIN_OF_X'
    FROM Leaders
    WHERE LeaderType LIKE '%LEADER_MINOR_CIV%';

INSERT INTO RequirementArguments(RequirementId, Name, Type, Value)
    SELECT 'PPP_PLAYER_IS_SUZERAIN_OF_' || LeaderType || '_gkls621',
    'LeaderType', 'ARGTYPE_IDENTITY', LeaderType
    FROM Leaders
    WHERE LeaderType LIKE '%LEADER_MINOR_CIV%';
