-- Leader Agendas
INSERT INTO Types
(Type,	Kind)
VALUES
('TRAIT_AGENDA_KASUMI_gkls621',		'KIND_TRAIT'),
('TRAIT_AGENDA_ARISA_gkls621',	'KIND_TRAIT'),
('TRAIT_AGENDA_TAE_gkls621',	'KIND_TRAIT'),
('TRAIT_AGENDA_SAAYA_gkls621',			'KIND_TRAIT'),
('TRAIT_AGENDA_RIMI_gkls621',			'KIND_TRAIT');

INSERT INTO Traits
(TraitType)
VALUES
('TRAIT_AGENDA_KASUMI_gkls621'),
('TRAIT_AGENDA_ARISA_gkls621'),
('TRAIT_AGENDA_TAE_gkls621'),
('TRAIT_AGENDA_SAAYA_gkls621'),
('TRAIT_AGENDA_RIMI_gkls621');

INSERT INTO Agendas
(AgendaType,	Name,	Description)
VALUES
('AGENDA_KASUMI_gkls621',	'LOC_AGENDA_KASUMI_gkls621_NAME',	'LOC_AGENDA_KASUMI_gkls621_DESCRIPTION'),
('AGENDA_ARISA_gkls621',	'LOC_AGENDA_ARISA_gkls621_NAME',	'LOC_AGENDA_ARISA_gkls621_DESCRIPTION'),
('AGENDA_TAE_gkls621',	'LOC_AGENDA_TAE_gkls621_NAME',	'LOC_AGENDA_TAE_gkls621_DESCRIPTION'),
('AGENDA_SAAYA_gkls621',		'LOC_AGENDA_SAAYA_gkls621_NAME',		'LOC_AGENDA_SAAYA_gkls621_DESCRIPTION'),
('AGENDA_RIMI_gkls621',			'LOC_AGENDA_RIMI_gkls621_NAME',			'LOC_AGENDA_RIMI_gkls621_DESCRIPTION');

INSERT INTO HistoricalAgendas
(LeaderType,	AgendaType)
VALUES
('LEADER_KASUMI_gkls621',	'AGENDA_KASUMI_gkls621'),
('LEADER_ARISA_gkls621',	'AGENDA_ARISA_gkls621'),
('LEADER_TAE_gkls621',	    'AGENDA_TAE_gkls621'),
('LEADER_SAAYA_gkls621',    'AGENDA_SAAYA_gkls621'),
('LEADER_RIMI_gkls621',		'AGENDA_RIMI_gkls621');

INSERT INTO ExclusiveAgendas
(AgendaOne,	AgendaTwo)
VALUES
('AGENDA_KASUMI_gkls621',	'AGENDA_DARWINIST'),
('AGENDA_KASUMI_gkls621',	'AGENDA_IDEOLOGUE'),
('AGENDA_KASUMI_gkls621',	'AGENDA_INTOLERANT'),
('AGENDA_KASUMI_gkls621',	'AGENDA_SYCOPHANT'),
('AGENDA_ARISA_gkls621',	'AGENDA_BARBARIAN_LOVER'),
('AGENDA_ARISA_gkls621',	'AGENDA_TECHNOPHILE'),
('AGENDA_ARISA_gkls621',	'AGENDA_EXPLOITATIVE'),
('AGENDA_ARISA_gkls621',	'AGENDA_FLAT_EARTHER'),
('AGENDA_TAE_gkls621',	    'AGENDA_POPULOUS'),
('AGENDA_TAE_gkls621',	    'AGENDA_DARWINIST'),
('AGENDA_TAE_gkls621',	    'AGENDA_PILLAGER'),
('AGENDA_TAE_gkls621',	    'AGENDA_EXPLOITATIVE'),
('AGENDA_SAAYA_gkls621',	'AGENDA_MONEY_GRUBBER'),
('AGENDA_SAAYA_gkls621',	'AGENDA_PILLAGER'),
('AGENDA_SAAYA_gkls621',	'AGENDA_DARWINIST'),
('AGENDA_SAAYA_gkls621',	'AGENDA_BARBARIAN_LOVER'),
('AGENDA_RIMI_gkls621',		'AGENDA_DARWINIST'),
('AGENDA_RIMI_gkls621',		'AGENDA_INTOLERANT'),
('AGENDA_RIMI_gkls621',		'AGENDA_SYCOPHANT'),
('AGENDA_RIMI_gkls621',		'AGENDA_ZEALOT');

INSERT INTO AgendaPreferredLeaders
(AgendaType,	LeaderType,	PercentageChance)
VALUES
('AGENDA_CITY_STATE_PROTECTOR',		'LEADER_KASUMI_gkls621',	70),
('AGENDA_SYMPATHIZER',				'LEADER_KASUMI_gkls621',	60),
('AGENDA_CIVILIZED',				'LEADER_ARISA_gkls621',	    70),
('AGENDA_TURTLER',				    'LEADER_ARISA_gkls621',	    30),
('AGENDA_FUN_LOVING',				'LEADER_TAE_gkls621',	    40),
('AGENDA_DESTINATION_CIV',			'LEADER_TAE_gkls621',	    20),
--('AGENDA_NATURALIST',				'LEADER_TAE_gkls621',	    80), this agenda isn't included in RandomAgendas, and even not have TraitModifiers. How dare U Firaxis?
('AGENDA_SYMPATHIZER',			    'LEADER_SAAYA_gkls621',		90),
('AGENDA_POPULOUS',	                'LEADER_SAAYA_gkls621',		40),
('AGENDA_DEVOUT',				    'LEADER_RIMI_gkls621',		30),
('AGENDA_EXPLORER',				    'LEADER_RIMI_gkls621',		50);

INSERT INTO AgendaTraits
(AgendaType,	TraitType)
VALUES
('AGENDA_KASUMI_gkls621',	'TRAIT_AGENDA_KASUMI_gkls621'),
('AGENDA_ARISA_gkls621',	'TRAIT_AGENDA_ARISA_gkls621'),
('AGENDA_TAE_gkls621',	    'TRAIT_AGENDA_TAE_gkls621'),
('AGENDA_SAAYA_gkls621',	'TRAIT_AGENDA_SAAYA_gkls621'),
('AGENDA_RIMI_gkls621',		'TRAIT_AGENDA_RIMI_gkls621');

INSERT INTO TraitModifiers
(TraitType,	ModifierId)
VALUES
('TRAIT_AGENDA_KASUMI_gkls621', 'AGENDA_KASUMI_gkls621_LIKE_EVERYONE'),
('TRAIT_AGENDA_KASUMI_gkls621', 'AGENDA_KASUMI_gkls621_DENOUNCED_FRIEND'),
('TRAIT_AGENDA_ARISA_gkls621', 'AGENDA_ARISA_gkls621_HIGH_SCIENCE'),
('TRAIT_AGENDA_ARISA_gkls621', 'AGENDA_ARISA_gkls621_EXPLOITATION'),
('TRAIT_AGENDA_TAE_gkls621', 'AGENDA_TAE_gkls621_HIGH_POPULATION'),
('TRAIT_AGENDA_TAE_gkls621', 'AGENDA_TAE_gkls621_HIGH_PILLAGE'),
('TRAIT_AGENDA_SAAYA_gkls621', 'AGENDA_SAAYA_gkls621_HIGH_INCOME'),
('TRAIT_AGENDA_SAAYA_gkls621', 'AGENDA_SAAYA_gkls621_HIGH_INCOME_INVADER'),
('TRAIT_AGENDA_RIMI_gkls621', 'AGENDA_RIMI_gkls621_RELIGION_NOT_RECEIVED'),
('TRAIT_AGENDA_RIMI_gkls621', 'AGENDA_RIMI_gkls621_RELIGION_RECEIVED');

INSERT INTO Modifiers
(ModifierId,	ModifierType,	SubjectRequirementSetId)
VALUES
('AGENDA_KASUMI_gkls621_LIKE_EVERYONE',		    'MODIFIER_PLAYER_DIPLOMACY_SIMPLE_MODIFIER',	NULL),
('AGENDA_KASUMI_gkls621_DENOUNCED_FRIEND',	    'MODIFIER_PLAYER_DIPLOMACY_SIMPLE_MODIFIER',	'PLAYER_FRIEND_DENOUNCED'),
('AGENDA_ARISA_gkls621_HIGH_SCIENCE',           'MODIFIER_PLAYER_DIPLOMACY_SIMPLE_MODIFIER',    'PLAYER_HAS_HIGH_SCIENCE'),
('AGENDA_TAE_gkls621_HIGH_POPULATION',		    'MODIFIER_PLAYER_DIPLOMACY_SIMPLE_MODIFIER',	'PLAYER_HAS_HIGH_POPULATION'),
('AGENDA_TAE_gkls621_HIGH_PILLAGE',	            'MODIFIER_PLAYER_DIPLOMACY_SIMPLE_MODIFIER',	'PLAYER_HAS_HIGH_PILLAGE'),
('AGENDA_SAAYA_gkls621_HIGH_INCOME',		    'MODIFIER_PLAYER_DIPLOMACY_SIMPLE_MODIFIER',	'PLAYER_HAS_HIGH_INCOME'),
('AGENDA_SAAYA_gkls621_HIGH_INCOME_INVADER',    'MODIFIER_PLAYER_DIPLOMACY_SIMPLE_MODIFIER',	'REQSET_PLAYER_HAS_HIGH_INCOME_BUT_INVADES_gkls621'),
('AGENDA_RIMI_gkls621_RELIGION_NOT_RECEIVED',   'MODIFIER_PLAYER_DIPLOMACY_SIMPLE_MODIFIER',	'PLAYER_RELIGION_NOT_RECEIVED'),
('AGENDA_RIMI_gkls621_RELIGION_RECEIVED',	    'MODIFIER_PLAYER_DIPLOMACY_SIMPLE_MODIFIER',	'PLAYER_RELIGION_RECEIVED');

INSERT INTO Modifiers
(ModifierId,	ModifierType,	OwnerRequirementSetId,  SubjectRequirementSetId)
VALUES
('AGENDA_ARISA_gkls621_EXPLOITATION',           'MODIFIER_PLAYER_DIPLOMACY_AGENDA_EXPLOITATIVE', 'ON_TURN_STARTED',  'PLAYER_IS_MAJOR_CIV_KNOWN_30_TURNS');

INSERT INTO ModifierArguments
(ModifierId,	Name,	Value)
VALUES
('AGENDA_KASUMI_gkls621_LIKE_EVERYONE',			'InitialValue',					100),
('AGENDA_KASUMI_gkls621_LIKE_EVERYONE',			'StatementKey',					'LOC_DIPLO_KUDO_LEADER_KASUMI_gkls621_AGENDA_LIKE_EVERYONE'),
('AGENDA_KASUMI_gkls621_LIKE_EVERYONE',			'SimpleModifierDescription',	'LOC_DIPLO_MODIFIER_DESCRIPTION_KASUMI_gkls621_AGENDA_LIKE_EVERYONE'),
('AGENDA_KASUMI_gkls621_DENOUNCED_FRIEND',		'InitialValue',					-2),
('AGENDA_KASUMI_gkls621_DENOUNCED_FRIEND',		'StatementKey',					'LOC_DIPLO_WARNING_LEADER_KASUMI_gkls621_AGENDA_DENOUNCED_FRIEND'),
('AGENDA_KASUMI_gkls621_DENOUNCED_FRIEND',		'SimpleModifierDescription',	'LOC_DIPLO_MODIFIER_DESCRIPTION_KASUMI_gkls621_AGENDA_DENOUNCED_FRIEND'),
('AGENDA_ARISA_gkls621_HIGH_SCIENCE',		    'InitialValue',					8),
('AGENDA_ARISA_gkls621_HIGH_SCIENCE',		    'StatementKey',					'LOC_DIPLO_KUDO_LEADER_ARISA_gkls621_AGENDA_HIGH_SCIENCE'),
('AGENDA_ARISA_gkls621_HIGH_SCIENCE',		    'SimpleModifierDescription',	'LOC_DIPLO_MODIFIER_DESCRIPTION_ARISA_gkls621_AGENDA_HIGH_SCIENCE'),
('AGENDA_ARISA_gkls621_EXPLOITATION',           'HiddenAgenda',                 0),
('AGENDA_ARISA_gkls621_EXPLOITATION',           'HighScoreThreshold',           1),
('AGENDA_ARISA_gkls621_EXPLOITATION',           'IncrementValue',               -1),
('AGENDA_ARISA_gkls621_EXPLOITATION',           'InitialValue',                 0),
('AGENDA_ARISA_gkls621_EXPLOITATION',           'LowScoreThreshold',            -30),
('AGENDA_ARISA_gkls621_EXPLOITATION',           'MaxDiploModifierMagnitude',    10),
('AGENDA_ARISA_gkls621_EXPLOITATION',           'NationalParkConstructionValue', 0),
('AGENDA_ARISA_gkls621_EXPLOITATION',           'PlotFeatureRemovalValue',      -1),
('AGENDA_ARISA_gkls621_EXPLOITATION',           'SimpleModifierDescription',    'LOC_DIPLO_MODIFIER_DESCRIPTION_ARISA_gkls621_AGENDA_EXPLOITATION'),
('AGENDA_ARISA_gkls621_EXPLOITATION',           'StatementKey',                 'LOC_DIPLO_WARNING_LEADER_ARISA_gkls621_AGENDA_EXPLOITATION'),
('AGENDA_ARISA_gkls621_EXPLOITATION',           'TileImprovementHighThreshold', 90),
('AGENDA_ARISA_gkls621_EXPLOITATION',           'TileImprovementLowThreshold',  88),
('AGENDA_ARISA_gkls621_EXPLOITATION',           'TileImprovementPreferenceValue', 1),
('AGENDA_TAE_gkls621_HIGH_POPULATION',			'InitialValue',					8),
('AGENDA_TAE_gkls621_HIGH_POPULATION',			'StatementKey',					'LOC_DIPLO_KUDO_LEADER_TAE_gkls621_AGENDA_HIGH_POPULATION'),
('AGENDA_TAE_gkls621_HIGH_POPULATION',			'SimpleModifierDescription',	'LOC_DIPLO_MODIFIER_DESCRIPTION_TAE_gkls621_AGENDA_HIGH_POPULATION'),
('AGENDA_TAE_gkls621_HIGH_PILLAGE',		        'InitialValue',					-2),
('AGENDA_TAE_gkls621_HIGH_PILLAGE',		        'StatementKey',					'LOC_DIPLO_WARNING_LEADER_TAE_gkls621_AGENDA_HIGH_PILLAGE'),
('AGENDA_TAE_gkls621_HIGH_PILLAGE',		        'SimpleModifierDescription',	'LOC_DIPLO_MODIFIER_DESCRIPTION_TAE_gkls621_AGENDA_HIGH_PILLAGE'),
('AGENDA_SAAYA_gkls621_HIGH_INCOME',			'InitialValue',					7),
('AGENDA_SAAYA_gkls621_HIGH_INCOME',			'StatementKey',					'LOC_DIPLO_KUDO_LEADER_SAAYA_gkls621_AGENDA_HIGH_INCOME'),
('AGENDA_SAAYA_gkls621_HIGH_INCOME',			'SimpleModifierDescription',	'LOC_DIPLO_MODIFIER_DESCRIPTION_SAAYA_gkls621_AGENDA_HIGH_INCOME'),
('AGENDA_SAAYA_gkls621_HIGH_INCOME_INVADER',    'InitialValue',					-3),
('AGENDA_SAAYA_gkls621_HIGH_INCOME_INVADER',	'StatementKey',					'LOC_DIPLO_WARNING_LEADER_SAAYA_gkls621_AGENDA_HIGH_INCOME_BUT_INVADES'),
('AGENDA_SAAYA_gkls621_HIGH_INCOME_INVADER',	'SimpleModifierDescription',	'LOC_DIPLO_MODIFIER_DESCRIPTION_SAAYA_gkls621_AGENDA_HIGH_INCOME_BUT_INVADES'),
('AGENDA_RIMI_gkls621_RELIGION_NOT_RECEIVED',	'InitialValue',					8),
('AGENDA_RIMI_gkls621_RELIGION_NOT_RECEIVED',	'StatementKey',					'LOC_DIPLO_KUDO_LEADER_RIMI_gkls621_AGENDA_RELIGION_NOT_RECEIVED'),
('AGENDA_RIMI_gkls621_RELIGION_NOT_RECEIVED',	'SimpleModifierDescription',	'LOC_DIPLO_MODIFIER_DESCRIPTION_RIMI_gkls621_AGENDA_RELIGION_NOT_RECEIVED'),
('AGENDA_RIMI_gkls621_RELIGION_RECEIVED',		'InitialValue',					-2),
('AGENDA_RIMI_gkls621_RELIGION_RECEIVED',		'StatementKey',					'LOC_DIPLO_WARNING_LEADER_RIMI_gkls621_AGENDA_RELIGION_RECEIVED'),
('AGENDA_RIMI_gkls621_RELIGION_RECEIVED',		'SimpleModifierDescription',	'LOC_DIPLO_MODIFIER_DESCRIPTION_RIMI_gkls621_AGENDA_RELIGION_RECEIVED');

INSERT INTO RequirementSets (RequirementSetId, RequirementSetType)
VALUES
('REQSET_PLAYER_HAS_HIGH_INCOME_BUT_INVADES_gkls621', 'REQUIREMENTSET_TEST_ALL');

INSERT INTO RequirementSetRequirements (RequirementSetId, RequirementId)
VALUES
('REQSET_PLAYER_HAS_HIGH_INCOME_BUT_INVADES_gkls621', 'REQUIRES_PLAYER_DECLARED_SURPRISE_WAR'),
('REQSET_PLAYER_HAS_HIGH_INCOME_BUT_INVADES_gkls621', 'REQUIRES_PLAYERS_HAVE_MET'),
('REQSET_PLAYER_HAS_HIGH_INCOME_BUT_INVADES_gkls621', 'REQUIRES_MAJOR_CIV_OPPONENT'),
('REQSET_PLAYER_HAS_HIGH_INCOME_BUT_INVADES_gkls621', 'REQUIRES_HAS_HIGH_INCOME');

INSERT INTO ModifierStrings
(ModifierId,	Context,	Text)
VALUES
('AGENDA_KASUMI_gkls621_LIKE_EVERYONE',	'Sample',	'LOC_TOOLTIP_SAMPLE_DIPLOMACY_ALL'),
('AGENDA_KASUMI_gkls621_DENOUNCED_FRIEND',	'Sample',	'LOC_TOOLTIP_SAMPLE_DIPLOMACY_ALL'),

('AGENDA_ARISA_gkls621_HIGH_SCIENCE',	'Sample',	'LOC_TOOLTIP_SAMPLE_DIPLOMACY_ALL'),
('AGENDA_ARISA_gkls621_EXPLOITATION',	'Sample',	'LOC_TOOLTIP_SAMPLE_DIPLOMACY_ALL'),

('AGENDA_TAE_gkls621_HIGH_POPULATION',	'Sample',	'LOC_TOOLTIP_SAMPLE_DIPLOMACY_ALL'),
('AGENDA_TAE_gkls621_HIGH_PILLAGE',	'Sample',	'LOC_TOOLTIP_SAMPLE_DIPLOMACY_ALL'),

('AGENDA_SAAYA_gkls621_HIGH_INCOME',	'Sample',	'LOC_TOOLTIP_SAMPLE_DIPLOMACY_ALL'),
('AGENDA_SAAYA_gkls621_HIGH_INCOME_INVADER',	'Sample',	'LOC_TOOLTIP_SAMPLE_DIPLOMACY_ALL'),

('AGENDA_RIMI_gkls621_RELIGION_NOT_RECEIVED',	'Sample',	'LOC_TOOLTIP_SAMPLE_DIPLOMACY_ALL'),
('AGENDA_RIMI_gkls621_RELIGION_RECEIVED',	'Sample',	'LOC_TOOLTIP_SAMPLE_DIPLOMACY_ALL');