-- Civilisation Unique Units
INSERT INTO Types
(Type,  Kind)
VALUES
('UNIT_INHERITOR_gkls621',      'KIND_UNIT'),
('TRAIT_UNIT_INHERITOR_gkls621',  'KIND_TRAIT'),
('UNIT_RABBIT_BRIGADE_gkls621', 'KIND_UNIT'),
('TRAIT_UNIT_RABBIT_BRIGADE_gkls621',   'KIND_TRAIT');

INSERT INTO Tags
(Tag,   Vocabulary)
VALUES
('CLASS_INHERITOR_gkls621',         'ABILITY_CLASS'),
('CLASS_RABBIT_BRIGADE_gkls621',    'ABILITY_CLASS');

INSERT INTO TypeTags
(Type,  Tag)
VALUES
('UNIT_INHERITOR_gkls621',         'CLASS_MELEE'),
('UNIT_INHERITOR_gkls621',         'CLASS_INHERITOR_gkls621'),
('UNIT_RABBIT_BRIGADE_gkls621',    'CLASS_LIGHT_CAVALRY'),
('UNIT_RABBIT_BRIGADE_gkls621',    'CLASS_RABBIT_BRIGADE_gkls621');

INSERT INTO UnitAiInfos
(UnitType,  AiType)
VALUES
('UNIT_INHERITOR_gkls621',       'UNITAI_COMBAT'),
('UNIT_INHERITOR_gkls621',       'UNITAI_EXPLORE'),
('UNIT_INHERITOR_gkls621',       'UNITTYPE_MELEE'),
('UNIT_INHERITOR_gkls621',       'UNITTYPE_LAND_COMBAT'),
('UNIT_RABBIT_BRIGADE_gkls621',  'UNITAI_COMBAT'),
('UNIT_RABBIT_BRIGADE_gkls621',  'UNITAI_EXPLORE'),
('UNIT_RABBIT_BRIGADE_gkls621',  'UNITTYPE_CAVALRY'),
('UNIT_RABBIT_BRIGADE_gkls621',  'UNITTYPE_MELEE'),
('UNIT_RABBIT_BRIGADE_gkls621',  'UNITTYPE_LAND_COMBAT');

INSERT INTO Traits
(TraitType, Name,   Description)
VALUES
('TRAIT_UNIT_INHERITOR_gkls621',    'LOC_UNIT_INHERITOR_gkls621_NAME',  'LOC_UNIT_INHERITOR_gkls621_DESCRIPTION'),
('TRAIT_UNIT_RABBIT_BRIGADE_gkls621',   'LOC_UNIT_RABBIT_BRIGADE_gkls621_NAME', 'LOC_UNIT_RABBIT_BRIGADE_gkls621_DESCRIPTION');

INSERT INTO Units
(UnitType,
Name, 
Description, 
Cost,
CostProgressionModel,
CostProgressionParam1,
Maintenance,
BaseMoves,
BaseSightRange,
ZoneOfControl,
Domain,
Combat,
BuildCharges,
ParkCharges,
FormationClass,
PromotionClass,
AdvisorType,
PurchaseYield,
PrereqTech,
PrereqCivic,
TraitType
)VALUES
('UNIT_INHERITOR_gkls621',
'LOC_UNIT_INHERITOR_gkls621_NAME',
'LOC_UNIT_INHERITOR_gkls621_DESCRIPTION',
75,
'NO_COST_PROGRESSION',
0,
3,
4,
3,
1,
'DOMAIN_LAND',
38,
0,
0,
'FORMATION_CLASS_LAND_COMBAT',
'PROMOTION_CLASS_MELEE',
'ADVISOR_CONQUEST',
'YIELD_GOLD',
NULL,
'CIVIC_POLITICAL_PHILOSOPHY',
'TRAIT_UNIT_INHERITOR_gkls621'
),
('UNIT_RABBIT_BRIGADE_gkls621',
'LOC_UNIT_RABBIT_BRIGADE_gkls621_NAME',
'LOC_UNIT_RABBIT_BRIGADE_gkls621_DESCRIPTION',
90,
'COST_PROGRESSION_NUM_UNDER_AVG_PLUS_TECH',
10,
8,
4,
2,
0,
'DOMAIN_LAND',
10,
0,
3,
'FORMATION_CLASS_LAND_COMBAT',
'PROMOTION_CLASS_LIGHT_CAVALRY',
'ADVISOR_CULTURE',
'YIELD_GOLD',
'TECH_ANIMAL_HUSBANDRY',
NULL,
'TRAIT_UNIT_RABBIT_BRIGADE_gkls621'
);

INSERT INTO UnitReplaces
(CivUniqueUnitType, ReplacesUnitType)
VALUES
('UNIT_INHERITOR_gkls621',  'UNIT_SWORDSMAN');

INSERT INTO UnitUpgrades
(Unit,  UpgradeUnit)
VALUES
('UNIT_INHERITOR_gkls621',   'UNIT_MAN_AT_ARMS');

-- Unit Abilities
INSERT INTO Types
(Type,  Kind)
VALUES
('INHERITOR_RELIC_ON_KILLING_gkls621',  'KIND_ABILITY'),
('INHERITOR_RELIC_ON_DEATH_gkls621',  'KIND_ABILITY'),
('RABBIT_BRIGADE_STIRRUPS_STRENGTH_gkls621',    'KIND_ABILITY'),
('RABBIT_BRIGADE_SCIENTIFIC_THEORY_STRENGTH_gkls621',    'KIND_ABILITY'),
('RABBIT_BRIGADE_SANITATION_STRENGTH_gkls621',    'KIND_ABILITY'),
('RABBIT_BRIGADE_REPLACEABLE_PARTS_STRENGTH_gkls621',    'KIND_ABILITY'),
('RABBIT_BRIGADE_DIVINE_RIGHT_MOVEMENT_gkls621',    'KIND_ABILITY'),
('RABBIT_BRIGADE_HUMANISM_SIGHT_gkls621',    'KIND_ABILITY'),
('RABBIT_BRIGADE_NATURAL_HISTORY_AOE_HEAL_gkls621',    'KIND_ABILITY'),
('RABBIT_BRIGADE_CONSERVATION_CAPTURE_gkls621',    'KIND_ABILITY');

INSERT INTO TypeTags
(Type,  Tag)
VALUES
('INHERITOR_RELIC_ON_KILLING_gkls621',  'CLASS_INHERITOR_gkls621'),
('INHERITOR_RELIC_ON_DEATH_gkls621',    'CLASS_INHERITOR_gkls621'),
('RABBIT_BRIGADE_STIRRUPS_STRENGTH_gkls621',    'CLASS_RABBIT_BRIGADE_gkls621'),
('RABBIT_BRIGADE_SCIENTIFIC_THEORY_STRENGTH_gkls621',    'CLASS_RABBIT_BRIGADE_gkls621'),
('RABBIT_BRIGADE_SANITATION_STRENGTH_gkls621',    'CLASS_RABBIT_BRIGADE_gkls621'),
('RABBIT_BRIGADE_REPLACEABLE_PARTS_STRENGTH_gkls621',    'CLASS_RABBIT_BRIGADE_gkls621'),
('RABBIT_BRIGADE_DIVINE_RIGHT_MOVEMENT_gkls621',    'CLASS_RABBIT_BRIGADE_gkls621'),
('RABBIT_BRIGADE_HUMANISM_SIGHT_gkls621',    'CLASS_RABBIT_BRIGADE_gkls621'),
('RABBIT_BRIGADE_NATURAL_HISTORY_AOE_HEAL_gkls621',    'CLASS_RABBIT_BRIGADE_gkls621'),
('RABBIT_BRIGADE_CONSERVATION_CAPTURE_gkls621',    'CLASS_RABBIT_BRIGADE_gkls621');

INSERT INTO UnitAbilities
(UnitAbilityType,   Name,   Description)
VALUES
('INHERITOR_RELIC_ON_KILLING_gkls621',                   'LOC_INHERITOR_RELIC_ON_KILLING_gkls621_NAME',                     'LOC_INHERITOR_RELIC_ON_KILLING_gkls621_DESCRIPTION'),
('INHERITOR_RELIC_ON_DEATH_gkls621',                     'LOC_INHERITOR_RELIC_ON_DEATH_gkls621_NAME',                       'LOC_INHERITOR_RELIC_ON_DEATH_gkls621_DESCRIPTION'),
('RABBIT_BRIGADE_STIRRUPS_STRENGTH_gkls621',             'LOC_RABBIT_BRIGADE_STIRRUPS_STRENGTH_gkls621_NAME',               'LOC_RABBIT_BRIGADE_STIRRUPS_STRENGTH_gkls621_DESCRIPTION'),
('RABBIT_BRIGADE_SCIENTIFIC_THEORY_STRENGTH_gkls621',    'LOC_RABBIT_BRIGADE_SCIENTIFIC_THEORY_STRENGTH_gkls621_NAME',      'LOC_RABBIT_BRIGADE_SCIENTIFIC_THEORY_STRENGTH_gkls621_DESCRIPTION'),
('RABBIT_BRIGADE_SANITATION_STRENGTH_gkls621',           'LOC_RABBIT_BRIGADE_SANITATION_STRENGTH_gkls621_NAME',             'LOC_RABBIT_BRIGADE_SANITATION_STRENGTH_gkls621_DESCRIPTION'),
('RABBIT_BRIGADE_REPLACEABLE_PARTS_STRENGTH_gkls621',    'LOC_RABBIT_BRIGADE_REPLACEABLE_PARTS_STRENGTH_gkls621_NAME',      'LOC_RABBIT_BRIGADE_REPLACEABLE_PARTS_STRENGTH_gkls621_DESCRIPTION'),
('RABBIT_BRIGADE_DIVINE_RIGHT_MOVEMENT_gkls621',         'LOC_RABBIT_BRIGADE_DIVINE_RIGHT_MOVEMENT_gkls621_NAME',           'LOC_RABBIT_BRIGADE_DIVINE_RIGHT_MOVEMENT_gkls621_DESCRIPTION'),
('RABBIT_BRIGADE_HUMANISM_SIGHT_gkls621',                'LOC_RABBIT_BRIGADE_HUMANISM_SIGHT_gkls621_NAME',                  'LOC_RABBIT_BRIGADE_HUMANISM_SIGHT_gkls621_DESCRIPTION'),
('RABBIT_BRIGADE_NATURAL_HISTORY_AOE_HEAL_gkls621',      'LOC_RABBIT_BRIGADE_NATURAL_HISTORY_AOE_HEAL_gkls621_NAME',        'LOC_RABBIT_BRIGADE_NATURAL_HISTORY_AOE_HEAL_gkls621_DESCRIPTION'),
('RABBIT_BRIGADE_CONSERVATION_CAPTURE_gkls621',          'LOC_RABBIT_BRIGADE_CONSERVATION_CAPTURE_gkls621_NAME',            'LOC_RABBIT_BRIGADE_CONSERVATION_CAPTURE_gkls621_DESCRIPTION');

INSERT INTO UnitAbilityModifiers
(UnitAbilityType,   ModifierId)
VALUES
--('INHERITOR_RELIC_ON_KILLING_gkls621',  'INHERITOR_KILLING_ATTACH_gkls621'),
('INHERITOR_RELIC_ON_DEATH_gkls621',    'INHERITOR_GAIN_RELIC_ON_DEATH_gkls621'),

('RABBIT_BRIGADE_STIRRUPS_STRENGTH_gkls621',            'MODIFIER_RABBIT_BRIGADE_STIRRUPS_STRENGTH_gkls621'),
('RABBIT_BRIGADE_SCIENTIFIC_THEORY_STRENGTH_gkls621',   'MODIFIER_RABBIT_BRIGADE_SCIENTIFIC_THEORY_STRENGTH_gkls621'),
('RABBIT_BRIGADE_SANITATION_STRENGTH_gkls621',          'MODIFIER_RABBIT_BRIGADE_SANITATION_STRENGTH_gkls621'),
('RABBIT_BRIGADE_REPLACEABLE_PARTS_STRENGTH_gkls621',   'MODIFIER_RABBIT_BRIGADE_REPLACEABLE_PARTS_STRENGTH_gkls621'),
('RABBIT_BRIGADE_DIVINE_RIGHT_MOVEMENT_gkls621',        'MODIFIER_RABBIT_BRIGADE_DIVINE_RIGHT_MOVEMENT_gkls621'),
('RABBIT_BRIGADE_HUMANISM_SIGHT_gkls621',               'MODIFIER_RABBIT_BRIGADE_HUMANISM_SIGHT_gkls621'),
('RABBIT_BRIGADE_NATURAL_HISTORY_AOE_HEAL_gkls621', 'MODIFIER_RABBIT_BRIGADE_NATURAL_HISTORY_AOE_HEAL_gkls621'),
('RABBIT_BRIGADE_CONSERVATION_CAPTURE_gkls621',         'MODIFIER_RABBIT_BRIGADE_CONSERVATION_CAPTURE_gkls621');

INSERT INTO Modifiers
(ModifierId,    ModifierType,   SubjectRequirementSetId)
VALUES
('INHERITOR_KILLING_ATTACH_gkls621',    'MODIFIER_ALL_COMBAT_RESULTS_APPLY_MODIFIER_TO_UNITS_ON_TILE',  'REQSET_PPP_COMBAT_FATAL_gkls621'),
('INHERITOR_GAIN_RELIC_ON_DEATH_gkls621',    'MODIFIER_PLAYER_UNIT_ADJUST_RELIC_UPON_DEATH', NULL),
('INHERITOR_UNIT_ATTACH_gkls621',   'MODIFIER_ALL_PLAYERS_ATTACH_MODIFIER', 'PLAYER_IS_HUMAN'),
('INHERITOR_PLAYER_GET_RELIC_gkls621',  'MODIFIER_PLAYER_GRANT_RELIC',  NULL);

INSERT INTO Modifiers
(ModifierId,    ModifierType,   OwnerRequirementSetId)
VALUES 
('MODIFIER_RABBIT_BRIGADE_STIRRUPS_STRENGTH_gkls621',            'MODIFIER_UNIT_ADJUST_BASE_COMBAT_STRENGTH',         'REQSET_PPP_PLAYER_HAS_STIRRUPS_gkls621'),
('MODIFIER_RABBIT_BRIGADE_SCIENTIFIC_THEORY_STRENGTH_gkls621',   'MODIFIER_UNIT_ADJUST_BASE_COMBAT_STRENGTH',         'REQSET_PPP_PLAYER_HAS_SCIENTIFIC_THEORY_gkls621'),
('MODIFIER_RABBIT_BRIGADE_SANITATION_STRENGTH_gkls621',          'MODIFIER_UNIT_ADJUST_BASE_COMBAT_STRENGTH',         'REQSET_PPP_PLAYER_HAS_SANITATION_gkls621'),
('MODIFIER_RABBIT_BRIGADE_REPLACEABLE_PARTS_STRENGTH_gkls621',   'MODIFIER_UNIT_ADJUST_BASE_COMBAT_STRENGTH',         'REQSET_PPP_PLAYER_HAS_REPLACEABLE_PARTS_gkls621'),
('MODIFIER_RABBIT_BRIGADE_DIVINE_RIGHT_MOVEMENT_gkls621',        'MODIFIER_PLAYER_UNIT_ADJUST_MOVEMENT',              'REQSET_PPP_PLAYER_HAS_DIVINE_RIGHT_gkls621'),
('MODIFIER_RABBIT_BRIGADE_HUMANISM_SIGHT_gkls621',               'MODIFIER_PLAYER_UNIT_ADJUST_SIGHT',                 'REQSET_PPP_PLAYER_HAS_HUMANISM_gkls621'),
('MODIFIER_RABBIT_BRIGADE_NATURAL_HISTORY_AOE_HEAL_gkls621',     'MODIFIER_PLAYER_UNIT_GRANT_HEAL_AFTER_ACTION',      'REQSET_PPP_PLAYER_HAS_NATURAL_HISTORY_gkls621'),
('MODIFIER_RABBIT_BRIGADE_CONSERVATION_CAPTURE_gkls621',         'MODIFIER_UNIT_ADJUST_COMBAT_CAPTURE',               'REQSET_PPP_PLAYER_HAS_CONSERVATION_gkls621');

INSERT INTO ModifierArguments
(ModifierId,    Name,   Value)
VALUES
('INHERITOR_KILLING_ATTACH_gkls621',    'ModifierId', 'INHERITOR_UNIT_ATTACH_gkls621'),
('INHERITOR_GAIN_RELIC_ON_DEATH_gkls621',   'RelicSource',  'RELIC_SOURCE_RELIGIOUS_UNIT'),
('INHERITOR_UNIT_ATTACH_gkls621',   'ModifierId',   'INHERITOR_PLAYER_GET_RELIC_gkls621'),
('INHERITOR_PLAYER_GET_RELIC_gkls621',  'Amount',   1);

INSERT INTO ModifierArguments
(ModifierId,    Name,   Value)
VALUES
('MODIFIER_RABBIT_BRIGADE_STIRRUPS_STRENGTH_gkls621',   'Amount',   37),
('MODIFIER_RABBIT_BRIGADE_SCIENTIFIC_THEORY_STRENGTH_gkls621',   'Amount',   14),
('MODIFIER_RABBIT_BRIGADE_SANITATION_STRENGTH_gkls621', 'Amount',   21),
('MODIFIER_RABBIT_BRIGADE_REPLACEABLE_PARTS_STRENGTH_gkls621',  'Amount',   10),
('MODIFIER_RABBIT_BRIGADE_DIVINE_RIGHT_MOVEMENT_gkls621',   'Amount',   2),
('MODIFIER_RABBIT_BRIGADE_HUMANISM_SIGHT_gkls621',   'Amount',   2),
('MODIFIER_RABBIT_BRIGADE_CONSERVATION_CAPTURE_gkls621',    'CanCapture',   1),
('MODIFIER_RABBIT_BRIGADE_CONSERVATION_CAPTURE_gkls621',    'UnitType',     'UNIT_RABBIT_BRIGADE_gkls621');

INSERT OR IGNORE INTO RequirementSets (RequirementSetId, RequirementSetType)
VALUES
('REQSET_PPP_COMBAT_FATAL_gkls621',                 'REQUIREMENT_TEST_ALL'),
('REQSET_PPP_PLAYER_HAS_STIRRUPS_gkls621',          'REQUIREMENTSET_TEST_ALL'),
('REQSET_PPP_PLAYER_HAS_SCIENTIFIC_THEORY_gkls621', 'REQUIREMENTSET_TEST_ALL'),
('REQSET_PPP_PLAYER_HAS_SANITATION_gkls621',        'REQUIREMENTSET_TEST_ALL'),
('REQSET_PPP_PLAYER_HAS_REPLACEABLE_PARTS_gkls621', 'REQUIREMENTSET_TEST_ALL'),
('REQSET_PPP_PLAYER_HAS_DIVINE_RIGHT_gkls621',      'REQUIREMENTSET_TEST_ALL'),
('REQSET_PPP_PLAYER_HAS_HUMANISM_gkls621',          'REQUIREMENTSET_TEST_ALL'),
('REQSET_PPP_PLAYER_HAS_NATURAL_HISTORY_gkls621',   'REQUIREMENTSET_TEST_ALL'),
('REQSET_PPP_PLAYER_HAS_CONSERVATION_gkls621',      'REQUIREMENTSET_TEST_ALL');

INSERT OR IGNORE INTO RequirementSetRequirements (RequirementSetId, RequirementId)
VALUES
('REQSET_PPP_COMBAT_FATAL_gkls621',                 'PPP_COMBAT_KILLS_UNIT_gkls621'),
('REQSET_PPP_PLAYER_HAS_STIRRUPS_gkls621',          'PPP_PLAYER_HAS_STIRRUPS_gkls621'),
('REQSET_PPP_PLAYER_HAS_SCIENTIFIC_THEORY_gkls621', 'PPP_PLAYER_HAS_SCIENTIFIC_THEORY_gkls621'),
('REQSET_PPP_PLAYER_HAS_SANITATION_gkls621',        'PPP_PLAYER_HAS_SANITATION_gkls621'),
('REQSET_PPP_PLAYER_HAS_REPLACEABLE_PARTS_gkls621', 'PPP_PLAYER_HAS_REPLACEABLE_PARTS_gkls621'),
('REQSET_PPP_PLAYER_HAS_DIVINE_RIGHT_gkls621',      'PPP_PLAYER_HAS_DIVINE_RIGHT_gkls621'),
('REQSET_PPP_PLAYER_HAS_HUMANISM_gkls621',          'PPP_PLAYER_HAS_HUMANISM_gkls621'),
('REQSET_PPP_PLAYER_HAS_NATURAL_HISTORY_gkls621',   'PPP_PLAYER_HAS_NATURAL_HISTORY_gkls621'),
('REQSET_PPP_PLAYER_HAS_CONSERVATION_gkls621',      'PPP_PLAYER_HAS_CONSERVATION_gkls621');


INSERT OR IGNORE INTO Requirements (RequirementId, RequirementType)
VALUES
('PPP_COMBAT_KILLS_UNIT_gkls621',            'REQUIREMENT_COMBAT_RESULTS_UNIT_DIED'),
('PPP_PLAYER_HAS_STIRRUPS_gkls621',          'REQUIREMENT_PLAYER_HAS_TECHNOLOGY'),
('PPP_PLAYER_HAS_SCIENTIFIC_THEORY_gkls621', 'REQUIREMENT_PLAYER_HAS_TECHNOLOGY'),
('PPP_PLAYER_HAS_SANITATION_gkls621',        'REQUIREMENT_PLAYER_HAS_TECHNOLOGY'),
('PPP_PLAYER_HAS_REPLACEABLE_PARTS_gkls621', 'REQUIREMENT_PLAYER_HAS_TECHNOLOGY'),
('PPP_PLAYER_HAS_DIVINE_RIGHT_gkls621',      'REQUIREMENT_PLAYER_HAS_CIVIC'),
('PPP_PLAYER_HAS_HUMANISM_gkls621',          'REQUIREMENT_PLAYER_HAS_CIVIC'),
('PPP_PLAYER_HAS_NATURAL_HISTORY_gkls621',   'REQUIREMENT_PLAYER_HAS_CIVIC'),
('PPP_PLAYER_HAS_CONSERVATION_gkls621',      'REQUIREMENT_PLAYER_HAS_CIVIC');

INSERT OR IGNORE INTO RequirementArguments (RequirementId, Name, Value)
VALUES
('PPP_COMBAT_KILLS_UNIT_gkls621',            'ExcludeBarbs',   0),
('PPP_PLAYER_HAS_STIRRUPS_gkls621',          'TechnologyType', 'TECH_STIRRUPS'),
('PPP_PLAYER_HAS_SCIENTIFIC_THEORY_gkls621', 'TechnologyType', 'TECH_SCIENTIFIC_THEORY'),
('PPP_PLAYER_HAS_SANITATION_gkls621',        'TechnologyType', 'TECH_SANITATION'),
('PPP_PLAYER_HAS_REPLACEABLE_PARTS_gkls621', 'TechnologyType', 'TECH_REPLACEABLE_PARTS'),
('PPP_PLAYER_HAS_DIVINE_RIGHT_gkls621',      'CivicType',      'CIVIC_DIVINE_RIGHT'),
('PPP_PLAYER_HAS_HUMANISM_gkls621',          'CivicType',      'CIVIC_HUMANISM'),
('PPP_PLAYER_HAS_NATURAL_HISTORY_gkls621',   'CivicType',      'CIVIC_NATURAL_HISTORY'),
('PPP_PLAYER_HAS_CONSERVATION_gkls621',      'CivicType',      'CIVIC_CONSERVATION');

INSERT INTO ModifierStrings
(ModifierId,    Context,    Text)
VALUES
('MODIFIER_RABBIT_BRIGADE_CONSERVATION_CAPTURE_gkls621',    'Preview',     'LOC_MODIFIER_RABBIT_BRIGADE_CONSERVATION_CAPTURE_gkls621_DESCRIPTION');