-- Rimi's Unique Governor: Yuri Ushigome
INSERT INTO Types
(Type, Kind)
VALUES
('GOVERNOR_YURI_gkls621',   'KIND_GOVERNOR'),
('GOVERNOR_PROMOTION_ORIGIN_gkls621',   'KIND_GOVERNOR_PROMOTION'),
('GOVERNOR_PROMOTION_OVERSEAS_gkls621',   'KIND_GOVERNOR_PROMOTION'),
('GOVERNOR_PROMOTION_COMPANIONSHIP_gkls621',   'KIND_GOVERNOR_PROMOTION'),
('GOVERNOR_PROMOTION_ROLLING_ON_gkls621',   'KIND_GOVERNOR_PROMOTION'),
('GOVERNOR_PROMOTION_DILIGENCE_gkls621',   'KIND_GOVERNOR_PROMOTION'),
('GOVERNOR_PROMOTION_REUNION_gkls621',   'KIND_GOVERNOR_PROMOTION');

INSERT INTO Governors
(GovernorType,  Image,  Name,   Title,  ShortTitle, Description,
IdentityPressure,   TransitionStrength,   AssignCityState,  TraitType,
PortraitImage,  PortraitImageSelected)
VALUES
('GOVERNOR_YURI_gkls621',   'IMG_GOVERNOR_YURI_gkls621', 'LOC_GOVERNOR_YURI_gkls621_NAME',   'LOC_GOVERNOR_YURI_gkls621_TITLE',
'LOC_GOVERNOR_YURI_gkls621_SHORT_TITLE',    'LOC_GOVERNOR_YURI_gkls621_DESCRIPTION',
8,  125,    1,  'TRAIT_LEADER_RIMI_gkls621',
'IMG_NORMAL_GOVERNOR_YURI_gkls621', 'IMG_SELECTED_GOVERNOR_YURI_gkls621');

INSERT INTO Governors_XP2
(GovernorType,  AssignToMajor)
VALUES
('GOVERNOR_YURI_gkls621',   1);

INSERT INTO GovernorPromotionSets
(GovernorType,  GovernorPromotion)
VALUES
('GOVERNOR_YURI_gkls621',   'GOVERNOR_PROMOTION_ORIGIN_gkls621'),
('GOVERNOR_YURI_gkls621',   'GOVERNOR_PROMOTION_OVERSEAS_gkls621'),
('GOVERNOR_YURI_gkls621',   'GOVERNOR_PROMOTION_COMPANIONSHIP_gkls621'),
('GOVERNOR_YURI_gkls621',   'GOVERNOR_PROMOTION_DILIGENCE_gkls621'),
('GOVERNOR_YURI_gkls621',   'GOVERNOR_PROMOTION_ROLLING_ON_gkls621'),
('GOVERNOR_YURI_gkls621',   'GOVERNOR_PROMOTION_REUNION_gkls621');

INSERT INTO GovernorPromotions
(GovernorPromotionType, Name,   Description,    Level,  Column, BaseAbility)
VALUES
('GOVERNOR_PROMOTION_ORIGIN_gkls621',           'LOC_GOVERNOR_PROMOTION_ORIGIN_gkls621_NAME',           'LOC_GOVERNOR_PROMOTION_ORIGIN_gkls621_DESCRIPTION',        0,  1,  1),
('GOVERNOR_PROMOTION_OVERSEAS_gkls621',         'LOC_GOVERNOR_PROMOTION_OVERSEAS_gkls621_NAME',         'LOC_GOVERNOR_PROMOTION_OVERSEAS_gkls621_DESCRIPTION',      1,  0,  0),
('GOVERNOR_PROMOTION_COMPANIONSHIP_gkls621',    'LOC_GOVERNOR_PROMOTION_COMPANIONSHIP_gkls621_NAME',    'LOC_GOVERNOR_PROMOTION_COMPANIONSHIP_gkls621_DESCRIPTION', 1,  2,  0),
('GOVERNOR_PROMOTION_DILIGENCE_gkls621',        'LOC_GOVERNOR_PROMOTION_DILIGENCE_gkls621_NAME',        'LOC_GOVERNOR_PROMOTION_DILIGENCE_gkls621_DESCRIPTION',     2,  0,  0),
('GOVERNOR_PROMOTION_ROLLING_ON_gkls621',       'LOC_GOVERNOR_PROMOTION_ROLLING_ON_gkls621_NAME',       'LOC_GOVERNOR_PROMOTION_ROLLING_ON_gkls621_DESCRIPTION',    2,  2,  0),
('GOVERNOR_PROMOTION_REUNION_gkls621',          'LOC_GOVERNOR_PROMOTION_REUNION_gkls621_NAME',          'LOC_GOVERNOR_PROMOTION_REUNION_gkls621_DESCRIPTION',       3,  1,  0);

INSERT INTO GovernorPromotionPrereqs
(GovernorPromotionType, PrereqGovernorPromotion)
VALUES
('GOVERNOR_PROMOTION_OVERSEAS_gkls621',      'GOVERNOR_PROMOTION_ORIGIN_gkls621'),
('GOVERNOR_PROMOTION_COMPANIONSHIP_gkls621', 'GOVERNOR_PROMOTION_ORIGIN_gkls621'),
('GOVERNOR_PROMOTION_DILIGENCE_gkls621',     'GOVERNOR_PROMOTION_OVERSEAS_gkls621'),
('GOVERNOR_PROMOTION_ROLLING_ON_gkls621',    'GOVERNOR_PROMOTION_COMPANIONSHIP_gkls621'),
('GOVERNOR_PROMOTION_REUNION_gkls621',       'GOVERNOR_PROMOTION_DILIGENCE_gkls621'),
('GOVERNOR_PROMOTION_REUNION_gkls621',       'GOVERNOR_PROMOTION_ROLLING_ON_gkls621');

INSERT INTO GovernorPromotionModifiers
(GovernorPromotionType, ModifierId)
VALUES
('GOVERNOR_PROMOTION_ORIGIN_gkls621',   'YURI_HOLY_SITE_CONSTRUCTION_BONUS_gkls621'),
('GOVERNOR_PROMOTION_ORIGIN_gkls621',   'YURI_CITY_FREE_RANDOM_STAR_gkls621'),
('GOVERNOR_PROMOTION_OVERSEAS_gkls621', 'YURI_GRANT_FREE_ENVOYS_gkls621'),
('GOVERNOR_PROMOTION_OVERSEAS_gkls621', 'YURI_CITY_CAMPUS_ADJACENCY_BONUS_gkls621'),
('GOVERNOR_PROMOTION_OVERSEAS_gkls621', 'YURI_HOLY_SITES_ADJACENCY_SCIENCE_gkls621'),
('GOVERNOR_PROMOTION_COMPANIONSHIP_gkls621',    'YURI_CITY_GRANT_CHOCO_CORNET_gkls621'),
('GOVERNOR_PROMOTION_COMPANIONSHIP_gkls621',    'YURI_RIMI_ZOMBIES_MOVEMENT_ABILITY_gkls621'),
--('GOVERNOR_PROMOTION_COMPANIONSHIP_gkls621',    'YURI_GRANT_MUSICIAN_GLITTER_GREEN_gkls621'),
('GOVERNOR_PROMOTION_DILIGENCE_gkls621',    'YURI_SCIENCE_YIELD_INTERCONTINENTAL_gkls621'),
('GOVERNOR_PROMOTION_DILIGENCE_gkls621',    'YURI_CITY_DISTRICTS_SCIENCE_gkls621'),
('GOVERNOR_PROMOTION_DILIGENCE_gkls621',    'YURI_CITY_EXTRA_DISTRICT_gkls621'),
('GOVERNOR_PROMOTION_ROLLING_ON_gkls621',    'YURI_RIMI_ZOMBIES_EXTRA_COPY_gkls621'),
('GOVERNOR_PROMOTION_ROLLING_ON_gkls621',    'YURI_ALLOW_FAITH_PURCHASE_ZOMBIES_gkls621'),
('GOVERNOR_PROMOTION_REUNION_gkls621',  'YURI_RIMI_ZOMBIE_CAPTURE_ROCK_BAND_gkls621'),
('GOVERNOR_PROMOTION_REUNION_gkls621',  'YURI_ROCK_BAND_TOURISM_BONUS_gkls621');

INSERT INTO GovernorPromotionModifiers
(GovernorPromotionType, ModifierId)
SELECT
'GOVERNOR_PROMOTION_ORIGIN_gkls621',   'YURI_' || SUBSTR(TechnologyType,6) ||'_UNLOCKS_HOLY_SITE_gkls621'
FROM Technologies
WHERE EraType='ERA_ANCIENT';

INSERT INTO Modifiers
(ModifierId,    ModifierType,   SubjectRequirementSetId)
VALUES
('YURI_HOLY_SITE_CONSTRUCTION_BONUS_gkls621',   'MODIFIER_PLAYER_CITIES_ADJUST_DISTRICT_PRODUCTION',    NULL),
('YURI_GRANT_FREE_ENVOYS_gkls621',  'MODIFIER_GOVERNOR_ADJUST_CITY_ENVOYS', NULL),
('YURI_CITY_CAMPUS_ADJACENCY_BONUS_gkls621',    'MODIFIER_CITY_DISTRICTS_ADJUST_YIELD_MODIFIER',    'DISTRICT_IS_CAMPUS'),
('YURI_HOLY_SITES_ADJACENCY_SCIENCE_gkls621',   'MODIFIER_PLAYER_DISTRICTS_ADJUST_YIELD_BASED_ON_ADJACENCY_BONUS',  NULL),
('YURI_CITY_GRANT_CHOCO_CORNET_gkls621',    'MODIFIER_SINGLE_CITY_GRANT_RESOURCE_IN_CITY',  NULL),
('YURI_RIMI_ZOMBIES_MOVEMENT_ABILITY_gkls621',  'MODIFIER_PLAYER_UNITS_GRANT_ABILITY',  NULL),
('YURI_SCIENCE_YIELD_INTERCONTINENTAL_gkls621', 'MODIFIER_PLAYER_CITIES_ADJUST_CITY_YIELD_MODIFIER',    'CITY_NOT_OWNER_CAPITAL_CONTINENT_REQUIREMENTS'),
('YURI_CITY_DISTRICTS_SCIENCE_gkls621', 'MODIFIER_CITY_ADJUST_CITY_YIELD_PER_DISTRICT', NULL),
('YURI_CITY_EXTRA_DISTRICT_gkls621',    'MODIFIER_SINGLE_CITY_EXTRA_DISTRICT',  NULL),
('YURI_RIMI_ZOMBIES_EXTRA_COPY_gkls621',    'MODIFIER_PLAYER_UNITS_ADJUST_EXTRA_UNIT_COPY_TAG', NULL),
('YURI_GRANT_MUSICIAN_GLITTER_GREEN_gkls621',   'MODIFIER_PLAYER_ADJUST_GREAT_PERSON_GUARANTEE',    NULL),
('YURI_ALLOW_FAITH_PURCHASE_ZOMBIES_gkls621',   'MODIFIER_PLAYER_CITIES_ENABLE_UNIT_FAITH_PURCHASE',    NULL),
('YURI_RIMI_ZOMBIE_CAPTURE_ROCK_BAND_gkls621',  'MODIFIER_PLAYER_UNITS_GRANT_ABILITY',  NULL),
('YURI_ROCK_BAND_TOURISM_BONUS_gkls621',    'MODIFIER_PLAYER_UNITS_ADJUST_ROCK_BAND_TOURISM_BOMB_VALUE_PEACE',  'UNIT_IS_ROCK_BAND');

INSERT INTO Modifiers
(ModifierId,    ModifierType,   RunOnce,    Permanent)
VALUES
('YURI_CITY_FREE_RANDOM_STAR_gkls621',  'MODIFIER_SINGLE_CITY_GRANT_BUILDING_IN_CITY_IGNORE',   1,  1);

INSERT OR REPLACE INTO Modifiers
(ModifierId,    ModifierType,   RunOnce,    Permanent,  NewOnly)
SELECT
'YURI_' || SUBSTR(TechnologyType,6) ||'_UNLOCKS_HOLY_SITE_gkls621',
'MODIFIER_PLAYER_ADJUST_DISTRICT_UNLOCK',	0, 0, 0
FROM Technologies
WHERE EraType='ERA_ANCIENT';

INSERT INTO ModifierArguments
(ModifierId,    Name,   Value)
VALUES
('YURI_HOLY_SITE_CONSTRUCTION_BONUS_gkls621',   'DistrictType', 'DISTRICT_HOLY_SITE'),
('YURI_HOLY_SITE_CONSTRUCTION_BONUS_gkls621',   'Amount', 100),
('YURI_CITY_FREE_RANDOM_STAR_gkls621',          'BuildingType', 'BUILDING_RANDOM_STAR_gkls621'),
('YURI_GRANT_FREE_ENVOYS_gkls621',              'Amount', 2),
('YURI_CITY_CAMPUS_ADJACENCY_BONUS_gkls621',   'YieldType', 'YIELD_SCIENCE'),
('YURI_CITY_CAMPUS_ADJACENCY_BONUS_gkls621',   'Amount', 100),
('YURI_HOLY_SITES_ADJACENCY_SCIENCE_gkls621',   'DistrictType', 'DISTRICT_HOLY_SITE'),
('YURI_HOLY_SITES_ADJACENCY_SCIENCE_gkls621',   'YieldTypeToGrant', 'YIELD_SCIENCE'),
('YURI_HOLY_SITES_ADJACENCY_SCIENCE_gkls621',   'YieldTypeToMirror', 'YIELD_FAITH'),
('YURI_CITY_GRANT_CHOCO_CORNET_gkls621',   'ReosurceType', 'RESOURCE_CHOCO_CORNET_gkls621'),
('YURI_CITY_GRANT_CHOCO_CORNET_gkls621',   'Amount', 2),
('YURI_RIMI_ZOMBIES_MOVEMENT_ABILITY_gkls621',   'AbilityType', 'ABILITY_RIMI_ZOMBIE_MOVEMENT_gkls621'),
('YURI_SCIENCE_YIELD_INTERCONTINENTAL_gkls621',   'YieldType', 'YIELD_SCIENCE'),
('YURI_SCIENCE_YIELD_INTERCONTINENTAL_gkls621',   'Amount', 25),
('YURI_CITY_DISTRICTS_SCIENCE_gkls621',   'YieldType', 'YIELD_SCIENCE'),
('YURI_CITY_DISTRICTS_SCIENCE_gkls621',   'Amount', 3),
('YURI_CITY_EXTRA_DISTRICT_gkls621',   'Amount', 1),
('YURI_RIMI_ZOMBIES_EXTRA_COPY_gkls621',   'Tag', 'CLASS_RIMI_ZOMBIE_gkls621'),
('YURI_RIMI_ZOMBIES_EXTRA_COPY_gkls621',   'Amount', 1),
('YURI_GRANT_MUSICIAN_GLITTER_GREEN_gkls621',   'EraType', 'ERA_ANCIENT'),
('YURI_GRANT_MUSICIAN_GLITTER_GREEN_gkls621',   'GreatPersonClassType', 'GREAT_PERSON_CLASS_GLITTER_GREEN_gkls621'),
('YURI_ALLOW_FAITH_PURCHASE_ZOMBIES_gkls621',   'Tag',  'CLASS_RIMI_ZOMBIE_gkls621'),
('YURI_RIMI_ZOMBIE_CAPTURE_ROCK_BAND_gkls621',   'AbilityType', 'ABILITY_RIMI_ZOMBIE_CAPTURE_gkls621'),
('YURI_ROCK_BAND_TOURISM_BONUS_gkls621',   'Amount', 150);

INSERT INTO ModifierArguments
(ModifierId,    Name,   Value)
SELECT
'YURI_' || SUBSTR(TechnologyType,6) ||'_UNLOCKS_HOLY_SITE_gkls621',
'DistrictType',	'DISTRICT_HOLY_SITE'
FROM Technologies
WHERE EraType='ERA_ANCIENT';

INSERT INTO ModifierArguments
(ModifierId,    Name,   Value)
SELECT
'YURI_' || SUBSTR(TechnologyType,6) ||'_UNLOCKS_HOLY_SITE_gkls621',
'TechType',	TechnologyType
FROM Technologies
WHERE EraType='ERA_ANCIENT';

