-- Poppin' Party Civ Trait
INSERT INTO Types
(Type,  Kind)
VALUES
('TRAIT_CIVILIZATION_PPP_gkls621',  'KIND_TRAIT');

INSERT INTO Traits
(TraitType,                         Name,                                       Description)
VALUES
('TRAIT_CIVILIZATION_PPP_gkls621',  'LOC_TRAIT_CIVILIZATION_PPP_gkls621_NAME',  'LOC_TRAIT_CIVILIZATION_PPP_gkls621_DESCRIPTION');

INSERT INTO CivilizationTraits	
(TraitType,								CivilizationType)
VALUES
('TRAIT_CIVILIZATION_PPP_gkls621',		'CIVILIZATION_PPP_gkls621'),
('TRAIT_UNIT_INHERITOR_gkls621',		'CIVILIZATION_PPP_gkls621'),
('TRAIT_BUILDING_RANDOM_STAR_gkls621',	'CIVILIZATION_PPP_gkls621');

INSERT INTO TraitModifiers
(TraitType, ModifierId)
VALUES
('TRAIT_CIVILIZATION_PPP_gkls621',  'PPP_CIVIC_BOOST_EXTRA_CULTURE_gkls621'),
('TRAIT_CIVILIZATION_PPP_gkls621',  'PPP_RELIC_FAITH_gkls621'),
('TRAIT_CIVILIZATION_PPP_gkls621',  'PPP_RELIC_CULTURE_gkls621'),
('TRAIT_CIVILIZATION_PPP_gkls621',  'PPP_ANTIQUITY_CAMPUS_SCIENCE_gkls621'),
('TRAIT_CIVILIZATION_PPP_gkls621',  'PPP_ANTIQUITY_THEATER_CULTURE_gkls621'),
('TRAIT_CIVILIZATION_PPP_gkls621',  'PPP_ANTIQUITY_HOLY_SITE_FAITH_gkls621');

INSERT INTO Modifiers
(ModifierId,                                ModifierType,                                       SubjectRequirementSetId)
VALUES
('PPP_CIVIC_BOOST_EXTRA_CULTURE_gkls621',   'MODIFIER_PLAYER_ADJUST_CIVIC_BOOST',               NULL),
('PPP_RELIC_ON_FIRST_INSPIRATION_gkls621',  'MODIFIER_PLAYER_GRANT_RELIC',                      NULL),
('PPP_RELIC_FAITH_gkls621',                 'MODIFIER_PLAYER_CITIES_ADJUST_GREATWORK_YIELD',    NULL),
('PPP_RELIC_CULTURE_gkls621',               'MODIFIER_PLAYER_CITIES_ADJUST_GREATWORK_YIELD',    NULL),
('PPP_ANTIQUITY_CAMPUS_SCIENCE_gkls621',    'MODIFIER_PLAYER_DISTRICTS_ADJUST_YIELD_CHANGE',    'REQSET_PPP_PLOT_CAMPUS_ADJACENT_TO_ARTIFACT_gkls621'),
('PPP_ANTIQUITY_THEATER_CULTURE_gkls621',   'MODIFIER_PLAYER_DISTRICTS_ADJUST_YIELD_CHANGE',    'REQSET_PPP_PLOT_THEATER_ADJACENT_TO_ARTIFACT_gkls621'),
('PPP_ANTIQUITY_HOLY_SITE_FAITH_gkls621',   'MODIFIER_PLAYER_DISTRICTS_ADJUST_YIELD_CHANGE',    'REQSET_PPP_PLOT_HOLY_SITE_ADJACENT_TO_ARTIFACT_gkls621');

INSERT INTO ModifierArguments
(ModifierId,    Name,   Value,  Extra)
VALUES
('PPP_CIVIC_BOOST_EXTRA_CULTURE_gkls621',   'Amount',   10, -1);

INSERT INTO ModifierArguments
(ModifierId,    Name,   Value)
VALUES
('PPP_RELIC_ON_FIRST_INSPIRATION_gkls621',  'Amount',   1),
('PPP_RELIC_FAITH_gkls621', 'GreatWorkObjectType',  'GREATWORKOBJECT_RELIC'),
('PPP_RELIC_FAITH_gkls621', 'YieldType',  'YIELD_FAITH'),
('PPP_RELIC_FAITH_gkls621', 'YieldChange',  3),
('PPP_RELIC_CULTURE_gkls621', 'GreatWorkObjectType',  'GREATWORKOBJECT_RELIC'),
('PPP_RELIC_CULTURE_gkls621', 'YieldType',  'YIELD_CULTURE'),
('PPP_RELIC_CULTURE_gkls621', 'YieldChange',  3),
('PPP_ANTIQUITY_CAMPUS_SCIENCE_gkls621',    'YieldType',    'YIELD_SCIENCE'),
('PPP_ANTIQUITY_THEATER_CULTURE_gkls621',   'YieldType',    'YIELD_CULTURE'),
('PPP_ANTIQUITY_HOLY_SITE_FAITH_gkls621',   'YieldType',    'YIELD_FAITH'),
('PPP_ANTIQUITY_CAMPUS_SCIENCE_gkls621',    'Amount',    4),
('PPP_ANTIQUITY_THEATER_CULTURE_gkls621',   'Amount',    4),
('PPP_ANTIQUITY_HOLY_SITE_FAITH_gkls621',   'Amount',    4);

INSERT INTO RequirementSets (RequirementSetId, RequirementSetType)
VALUES
('REQSET_PPP_PLOT_CAMPUS_ADJACENT_TO_ARTIFACT_gkls621', 'REQUIREMENTSET_TEST_ALL'),
('REQSET_PPP_PLOT_THEATER_ADJACENT_TO_ARTIFACT_gkls621', 'REQUIREMENTSET_TEST_ALL'),
('REQSET_PPP_PLOT_HOLY_SITE_ADJACENT_TO_ARTIFACT_gkls621', 'REQUIREMENTSET_TEST_ALL');

INSERT INTO RequirementSetRequirements (RequirementSetId, RequirementId)
VALUES
('REQSET_PPP_PLOT_CAMPUS_ADJACENT_TO_ARTIFACT_gkls621', 'PPP_PLOT_ADJACENT_TO_ARTIFACT_gkls621'),
('REQSET_PPP_PLOT_THEATER_ADJACENT_TO_ARTIFACT_gkls621', 'PPP_PLOT_ADJACENT_TO_ARTIFACT_gkls621'),
('REQSET_PPP_PLOT_HOLY_SITE_ADJACENT_TO_ARTIFACT_gkls621', 'PPP_PLOT_ADJACENT_TO_ARTIFACT_gkls621'),
-----
('REQSET_PPP_PLOT_CAMPUS_ADJACENT_TO_ARTIFACT_gkls621', 'REQUIRES_DISTRICT_IS_CAMPUS'),
('REQSET_PPP_PLOT_THEATER_ADJACENT_TO_ARTIFACT_gkls621', 'REQUIRES_DISTRICT_IS_THEATER'),
('REQSET_PPP_PLOT_HOLY_SITE_ADJACENT_TO_ARTIFACT_gkls621', 'REQUIRES_DISTRICT_IS_HOLY_SITE');

INSERT INTO Requirements (RequirementId, RequirementType)
VALUES
('PPP_PLOT_ADJACENT_TO_ARTIFACT_gkls621', 'REQUIREMENT_PLOT_ADJACENT_RESOURCE_CLASS_TYPE_MATCHES');

INSERT INTO RequirementArguments (RequirementId, Name, Value)
VALUES
('PPP_PLOT_ADJACENT_TO_ARTIFACT_gkls621', 'MaxRange', '1'),
('PPP_PLOT_ADJACENT_TO_ARTIFACT_gkls621', 'MinRange', '0'),
('PPP_PLOT_ADJACENT_TO_ARTIFACT_gkls621', 'ResourceClassType', 'RESOURCECLASS_ARTIFACT');

