-- Poppin' Party Leaders
INSERT INTO Types
(Type, Kind)
VALUES
('LEADER_KASUMI_gkls621',   'KIND_LEADER'),
('LEADER_ARISA_gkls621',    'KIND_LEADER'),
('LEADER_TAE_gkls621',      'KIND_LEADER'),
('LEADER_SAAYA_gkls621',    'KIND_LEADER'),
('LEADER_RIMI_gkls621',     'KIND_LEADER');

INSERT INTO Leaders
(LeaderType,	            Name,	                            InheritFrom,	SceneLayers,	Sex)
VALUES
('LEADER_KASUMI_gkls621',	'LOC_LEADER_KASUMI_gkls621_NAME',	'LEADER_DEFAULT',	4,	'Female'),
('LEADER_ARISA_gkls621',	'LOC_LEADER_ARISA_gkls621_NAME',	'LEADER_DEFAULT',	4,	'Female'),
('LEADER_TAE_gkls621',	    'LOC_LEADER_TAE_gkls621_NAME',	    'LEADER_DEFAULT',	4,	'Female'),
('LEADER_SAAYA_gkls621',	'LOC_LEADER_SAAYA_gkls621_NAME',	'LEADER_DEFAULT',	4,	'Female'),
('LEADER_RIMI_gkls621',		'LOC_LEADER_RIMI_gkls621_NAME',	    'LEADER_DEFAULT',	4,	'Female');

INSERT INTO LeaderQuotes
(LeaderType,	            Quote)
VALUES
('LEADER_KASUMI_gkls621',	'LOC_LEADER_KASUMI_gkls621_QUOTE'),
('LEADER_ARISA_gkls621',	'LOC_LEADER_ARISA_gkls621_QUOTE'),
('LEADER_TAE_gkls621',	    'LOC_LEADER_TAE_gkls621_QUOTE'),
('LEADER_SAAYA_gkls621',	'LOC_LEADER_SAAYA_gkls621_QUOTE'),
('LEADER_RIMI_gkls621',		'LOC_LEADER_RIMI_gkls621_QUOTE');

INSERT INTO AiListTypes
(ListType)
VALUES
('KASUMI_gkls621_DISTRICT'),
('KASUMI_gkls621_WONDER'),
('KASUMI_gkls621_UNIT'),
('KASUMI_gkls621_TECH'),
('KASUMI_gkls621_CIVIC'),
('KASUMI_gkls621_DIPLO'),

('ARISA_gkls621_DISTRICT'),
('ARISA_gkls621_WONDER'),
('ARISA_gkls621_UNIT'),
('ARISA_gkls621_TECH'),
('ARISA_gkls621_CIVIC'),
('ARISA_gkls621_DIPLO'),

('TAE_gkls621_DISTRICT'),
('TAE_gkls621_WONDER'),
('TAE_gkls621_UNIT'),
('TAE_gkls621_TECH'),
('TAE_gkls621_CIVIC'),
('TAE_gkls621_DIPLO'),

('SAAYA_gkls621_DISTRICT'),
('SAAYA_gkls621_WONDER'),
('SAAYA_gkls621_UNIT'),
('SAAYA_gkls621_TECH'),
('SAAYA_gkls621_CIVIC'),
('SAAYA_gkls621_DIPLO'),

('RIMI_gkls621_DISTRICT'),
('RIMI_gkls621_WONDER'),
('RIMI_gkls621_UNIT'),
('RIMI_gkls621_TECH'),
('RIMI_gkls621_CIVIC'),
('RIMI_gkls621_DIPLO');

INSERT INTO AiLists
(ListType,	                    LeaderType,	                System)
VALUES
('KASUMI_gkls621_DISTRICT',		'TRAIT_LEADER_KASUMI_gkls621',	'Districts'),
('KASUMI_gkls621_WONDER',		'TRAIT_LEADER_KASUMI_gkls621',	'Buildings'),
('KASUMI_gkls621_UNIT',			'TRAIT_LEADER_KASUMI_gkls621',	'Units'),
('KASUMI_gkls621_TECH',			'TRAIT_LEADER_KASUMI_gkls621',	'Technologies'),
('KASUMI_gkls621_CIVIC',		'TRAIT_LEADER_KASUMI_gkls621',	'Civics'),
('KASUMI_gkls621_DIPLO',		'TRAIT_LEADER_KASUMI_gkls621',	'DiplomaticActions'),

('ARISA_gkls621_DISTRICT',	    'TRAIT_LEADER_ARISA_gkls621',	    'Districts'),
('ARISA_gkls621_WONDER',		'TRAIT_LEADER_ARISA_gkls621',	    'Buildings'),
('ARISA_gkls621_UNIT',		    'TRAIT_LEADER_ARISA_gkls621',	    'Units'),
('ARISA_gkls621_TECH',		    'TRAIT_LEADER_ARISA_gkls621',	    'Technologies'),
('ARISA_gkls621_CIVIC',		    'TRAIT_LEADER_ARISA_gkls621',	    'Civics'),
('ARISA_gkls621_DIPLO',		    'TRAIT_LEADER_ARISA_gkls621',	    'DiplomaticActions'),

('TAE_gkls621_DISTRICT',	    'TRAIT_LEADER_TAE_gkls621',	    'Districts'),
('TAE_gkls621_WONDER',		    'TRAIT_LEADER_TAE_gkls621',	    'Buildings'),
('TAE_gkls621_UNIT',		    'TRAIT_LEADER_TAE_gkls621',	    'Units'),
('TAE_gkls621_TECH',		    'TRAIT_LEADER_TAE_gkls621',	    'Technologies'),
('TAE_gkls621_CIVIC',		    'TRAIT_LEADER_TAE_gkls621',	    'Civics'),
('TAE_gkls621_DIPLO',		    'TRAIT_LEADER_TAE_gkls621',	    'DiplomaticActions'),

('SAAYA_gkls621_DISTRICT',		'TRAIT_LEADER_SAAYA_gkls621',		'Districts'),
('SAAYA_gkls621_WONDER',		'TRAIT_LEADER_SAAYA_gkls621',		'Buildings'),
('SAAYA_gkls621_UNIT',			'TRAIT_LEADER_SAAYA_gkls621',		'Units'),
('SAAYA_gkls621_TECH',			'TRAIT_LEADER_SAAYA_gkls621',		'Technologies'),
('SAAYA_gkls621_CIVIC',			'TRAIT_LEADER_SAAYA_gkls621',		'Civics'),
('SAAYA_gkls621_DIPLO',			'TRAIT_LEADER_SAAYA_gkls621',		'DiplomaticActions'),

('RIMI_gkls621_DISTRICT',		'TRAIT_LEADER_RIMI_gkls621',		'Districts'),
('RIMI_gkls621_WONDER',			'TRAIT_LEADER_RIMI_gkls621',		'Buildings'),
('RIMI_gkls621_UNIT',			'TRAIT_LEADER_RIMI_gkls621',		'Units'),
('RIMI_gkls621_TECH',			'TRAIT_LEADER_RIMI_gkls621',		'Technologies'),
('RIMI_gkls621_CIVIC',			'TRAIT_LEADER_RIMI_gkls621',		'Civics'),
('RIMI_gkls621_DIPLO',			'TRAIT_LEADER_RIMI_gkls621',		'DiplomaticActions');

INSERT INTO AiFavoredItems
(ListType,	Item,	Favored)
VALUES
('KASUMI_gkls621_DISTRICT',		'DISTRICT_THEATER',	1),
('KASUMI_gkls621_DISTRICT',		'DISTRICT_ENTERTAINMENT_COMPLEX',	1),
('KASUMI_gkls621_WONDER',		'BUILDING_APADANA',	1),
('KASUMI_gkls621_WONDER',		'BUILDING_FORBIDDEN_CITY',	1),
('KASUMI_gkls621_WONDER',		'BUILDING_POTALA_PALACE',	1),
('KASUMI_gkls621_UNIT',			'UNIT_INHERITOR_gkls621',	1),
('KASUMI_gkls621_TECH',			'TECH_ASTROLOGY',	1),
('KASUMI_gkls621_CIVIC',		'CIVIC_POLITICAL_PHILOSOPHY',	1),
('KASUMI_gkls621_CIVIC',		'CIVIC_DIVINE_RIGHT',	1),
('KASUMI_gkls621_DIPLO',		'DIPLOACTION_DECLARE_FRIENDSHIP',	1),
('ARISA_gkls621_DISTRICT',	    'DISTRICT_CAMPUS',	1),
('ARISA_gkls621_DISTRICT',	    'DISTRICT_INDUSTRIAL_ZONE',	0),
('ARISA_gkls621_WONDER',		'BUILDING_TERRACOTTA_ARMY',	1),
('ARISA_gkls621_WONDER',		'BUILDING_OXFORD_UNIVERSITY',	1),
('ARISA_gkls621_UNIT',		'UNIT_SPY',	1),
('ARISA_gkls621_TECH',		'TECH_WRITING',	1),
('ARISA_gkls621_TECH',		'TECH_SCIENTIFIC_THEORY',	1),
('ARISA_gkls621_CIVIC',		'CIVIC_MILITARY_TRAINING',	0),
('ARISA_gkls621_DIPLO',		'DIPLOACTION_DECLARE_FRIENDSHIP',	1),
('ARISA_gkls621_DIPLO',		'DIPLOACTION_ALLIANCE_RESEARCH',	1),
('TAE_gkls621_DISTRICT',	'DISTRICT_PRESERVE',	1),
('TAE_gkls621_WONDER',		'BUILDING_EIFFEL_TOWER',	1),
('TAE_gkls621_WONDER',		'BUILDING_STONEHENGE',	1),
('TAE_gkls621_UNIT',		'UNIT_RABBIT_BRIGADE_gkls621',	1),
('TAE_gkls621_UNIT',		'UNIT_NATURALIST',	1),
('TAE_gkls621_TECH',		'TECH_ANIMAL_HUSBANDRY',	1),
('TAE_gkls621_TECH',		'TECH_SANITATION',	1),
('TAE_gkls621_CIVIC',		'CIVIC_MYSTICISM',	1),
('TAE_gkls621_CIVIC',		'CIVIC_CONSERVATION',	1),
('TAE_gkls621_CIVIC',		'CIVIC_ENVIRONMENTALISM',	1),
('TAE_gkls621_DIPLO',		'DIPLOACTION_DECLARE_FRIENDSHIP',	1),
('SAAYA_gkls621_DISTRICT',			'DISTRICT_COMMERCIAL_HUB',	1),
('SAAYA_gkls621_DISTRICT',			'DISTRICT_SHOPPING_STREET_gkls621',	1),
('SAAYA_gkls621_WONDER',			'BUILDING_HANGING_GARDENS',	1),
('SAAYA_gkls621_WONDER',			'BUILDING_PETRA',	1),
('SAAYA_gkls621_UNIT',				'UNIT_TRADER',	1),
('SAAYA_gkls621_TECH',				'TECH_CURRENCY',	1),
('SAAYA_gkls621_TECH',				'TECH_MASS_PRODUCTION',	1),
('SAAYA_gkls621_CIVIC',			'CIVIC_CRAFTSMANSHIP',	1),
('SAAYA_gkls621_CIVIC',			'CIVIC_URBANIZATION',	1),
('SAAYA_gkls621_DIPLO',			'DIPLOACTION_DECLARE_FRIENDSHIP',	1),
('RIMI_gkls621_DISTRICT',			'DISTRICT_ENTERTAINMENT_COMPLEX',	1),
('RIMI_gkls621_DISTRICT',			'DISTRICT_NEIGHBORHOOD',	1),
('RIMI_gkls621_WONDER',				'BUILDING_BROADWAY',	1),
('RIMI_gkls621_UNIT',				'UNIT_INQUISITOR',	1),
('RIMI_gkls621_TECH',				'TECH_POTTERY',	1),
('RIMI_gkls621_TECH',				'TECH_RADIO',	1),
('RIMI_gkls621_CIVIC',				'CIVIC_REFORMED_CHURCH',	1),
('RIMI_gkls621_DIPLO',				'DIPLOACTION_DECLARE_FRIENDSHIP',	1),
('RIMI_gkls621_DIPLO',              'DIPLOACTION_DECLARE_HOLY_WAR',     1);

INSERT INTO LoadingInfo
(LeaderType,	            ForegroundImage,	                        BackgroundImage,	                    LeaderText,	                                PlayDawnOfManAudio)
VALUES
('LEADER_KASUMI_gkls621',	'IMG_LOADING_FOREGROUND_KASUMI_gkls621',    'IMG_DIPLOMACY_BACKGROUND_PPP_gkls621',	'LOC_LOADING_INFO_LEADER_KASUMI_gkls621',	1),
('LEADER_ARISA_gkls621',	'IMG_LOADING_FOREGROUND_ARISA_gkls621',	    'IMG_DIPLOMACY_BACKGROUND_PPP_gkls621',	'LOC_LOADING_INFO_LEADER_ARISA_gkls621',	1),
('LEADER_TAE_gkls621',	    'IMG_LOADING_FOREGROUND_TAE_gkls621',	    'IMG_DIPLOMACY_BACKGROUND_PPP_gkls621',	'LOC_LOADING_INFO_LEADER_TAE_gkls621',	    1),
('LEADER_SAAYA_gkls621',	'IMG_LOADING_FOREGROUND_SAAYA_gkls621',	    'IMG_DIPLOMACY_BACKGROUND_PPP_gkls621',	'LOC_LOADING_INFO_LEADER_SAAYA_gkls621',	1),
('LEADER_RIMI_gkls621',		'IMG_LOADING_FOREGROUND_RIMI_gkls621',      'IMG_DIPLOMACY_BACKGROUND_PPP_gkls621',	'LOC_LOADING_INFO_LEADER_RIMI_gkls621',		1);

INSERT INTO DiplomacyInfo
(Type,	                    BackgroundImage)
VALUES
('LEADER_KASUMI_gkls621',	'IMG_DIPLOMACY_BACKGROUND_PPP_gkls621'),
('LEADER_ARISA_gkls621',	'IMG_DIPLOMACY_BACKGROUND_PPP_gkls621'),
('LEADER_TAE_gkls621',	    'IMG_DIPLOMACY_BACKGROUND_PPP_gkls621'),
('LEADER_SAAYA_gkls621',	'IMG_DIPLOMACY_BACKGROUND_PPP_gkls621'),
('LEADER_RIMI_gkls621',		'IMG_DIPLOMACY_BACKGROUND_PPP_gkls621');